<?xml version="1.0" encoding="UTF-8"?>
<project-private xmlns="http://www.netbeans.org/ns/project-private/1">
    <editor-bookmarks xmlns="http://www.netbeans.org/ns/editor-bookmarks/2" lastBookmarkId="0"/>
    <open-files xmlns="http://www.netbeans.org/ns/projectui-open-files/2">
        <group>
            <file>file:/Users/Thib/eclipse-workspace/mini_projet/src/mini_projet/Fenetre.java</file>
            <file>file:/Users/Thib/eclipse-workspace/mini_projet/src/mini_projet/main.java</file>
            <file>file:/Users/Thib/eclipse-workspace/mini_projet/src/Save/Fenetre.java</file>
            <file>file:/Users/Thib/eclipse-workspace/mini_projet/src/mini_projet/PanneauChargement.java</file>
            <file>file:/Users/Thib/eclipse-workspace/mini_projet/src/mini_projet/PlanStation.java</file>
            <file>file:/Users/Thib/eclipse-workspace/mini_projet/src/mini_projet/FenetreStation.java</file>
            <file>file:/Users/Thib/eclipse-workspace/mini_projet/src/mini_projet/ListeRemontee.java</file>
            <file>file:/Users/Thib/eclipse-workspace/mini_projet/src/mini_projet/PanneauStation.java</file>
            <file>file:/Users/Thib/eclipse-workspace/mini_projet/src/mini_projet/Chargement.java</file>
            <file>file:/Users/Thib/eclipse-workspace/mini_projet/src/mini_projet/Personne.java</file>
        </group>
    </open-files>
</project-private>
